Repo Id,Repo Name,Commit Id,Date
194959098,android,4726e08f9794a2d113b1225191c1a36d5764fc86,2019-07-17T00:51:14Z
194959098,android,9ccd88ba625d058e834f1698edc3e5a99cbb3ca0,2019-07-15T00:22:37Z
194959098,android,ca24e3d6aa1ad77d9df70396c044d3f8290a40ff,2019-07-10T00:07:33Z
194959098,android,9c19bfdc88593f4f86bb05e20cd4c7f473602d04,2019-07-08T23:48:33Z
194959098,android,119497de98f4949410f70044dd54f85440fa56ee,2019-07-08T17:04:35Z
194959098,android,f3f2f5618f1502417aa1d227ffaae1cfe9363d7c,2019-07-08T01:09:16Z
194959098,android,5cf4ee2a335e97b951304646f417ec50c0f62dfb,2019-07-07T23:57:45Z
194959098,android,206feaf02a4599da58ac1cc0a2d47d2768cebb63,2019-07-07T23:52:41Z
194959098,android,e9828b45c7443fc791d4d07f28655cbf699db453,2019-07-07T22:32:25Z
194959098,android,1345da08190655da6259ede0c9bd1ab9cd041f47,2019-07-06T23:17:10Z
194959098,android,85e629eebed30b034d7bace7eb94c11d81d3e17a,2019-07-06T01:53:16Z
194959098,android,d4357a680a10a39a7d91cb03bd21a1490b92db67,2019-07-03T01:43:09Z
194959098,android,748894b93c36c1f70cb176b2b8b3ad86efb1fcbf,2019-07-03T01:38:09Z
190822674,bash-scripts,afbe9296821ba54c265c14a14ec5a8111f06dff5,2019-10-15T10:14:50Z
190822674,bash-scripts,e03b4d0bcbce9400882a4708bac00c17362a8958,2019-10-08T10:24:47Z
190822674,bash-scripts,f6f3e7cc6373b0812db330f0ebebfdeff51f2d48,2019-06-10T17:02:46Z
190822674,bash-scripts,08bc1b2503c8619dce592c1fbd4ada425a3eb4e1,2019-06-10T16:54:15Z
190822674,bash-scripts,5baed8a961be56096d0d424d9e0b878bf918eb5e,2019-06-09T18:58:19Z
190822674,bash-scripts,fb72da3e34273ed82164edc46a229369904870ee,2019-06-09T18:42:28Z
190822674,bash-scripts,70097075ac62599baaccdb0392e1629890b08bea,2019-06-09T18:35:07Z
190822674,bash-scripts,2d2557204e4497ae5be49fd87f3384a0c62249e7,2019-06-09T18:30:13Z
190822674,bash-scripts,4728b2dcfb702e009d1db51f640ac2ff4c3a309d,2019-06-09T17:29:18Z
190822674,bash-scripts,3697d5ccb1c54731f3d66a3f06f5d9f3099c7fa2,2019-06-07T23:15:59Z
156303062,College-Work,c4ee798e0cf590f257e86620d5f8bb5b54f46e3d,2019-11-07T19:18:23Z
156303062,College-Work,efff0a44075736cdcd644dd90f88eaa4064e4433,2019-11-07T19:16:31Z
156303062,College-Work,151916de16d3f2623df74b83ee960e2ba1065daa,2019-11-07T19:16:06Z
156303062,College-Work,673c417acff0b58baa4a452e29bb0c04be393a1e,2019-10-27T19:09:12Z
156303062,College-Work,3bc2152bb00899152da508986199ad2dd27d86bf,2019-10-23T17:52:41Z
156303062,College-Work,211388c6a64f76b4cefb38f08f4d9eb1fd633097,2019-10-19T13:57:41Z
156303062,College-Work,a26896e0e78fb77c01de2ff22414bdfa020e8ea6,2019-10-19T13:54:44Z
156303062,College-Work,36c52c6284ada63101ada98f8496e9101c106495,2019-10-19T13:52:58Z
156303062,College-Work,3b822a7584ba2f312ab75a782396589ff7a7c0cc,2019-10-19T13:45:08Z
156303062,College-Work,a2872a9c751e5bced7c370bd28ef4f3efaea5427,2019-10-19T13:39:51Z
156303062,College-Work,bd15292444d20807fdf46d1df00fb37998a66bb3,2019-10-19T12:43:24Z
156303062,College-Work,d31bfcc6fb7f8ecc6a1f948f3d9bb23392ed2878,2019-10-19T12:27:45Z
156303062,College-Work,86ef2313f035f29c515152c141cc136d8d82efff,2019-10-19T11:50:46Z
156303062,College-Work,cd40475022fe06b46398230437f744a3aad098d8,2019-10-19T11:50:26Z
156303062,College-Work,deeb1d39524e7780d85674697b94a96c56820efc,2019-10-15T10:09:51Z
156303062,College-Work,cad0b608c34e29d13d2f9a42faf83a3331d041d2,2019-10-15T08:38:20Z
156303062,College-Work,5364ece054297b0a3b27814b71139d649bd214cd,2019-10-15T08:11:37Z
156303062,College-Work,0284c0dfd42f5fd354a70fa632ecc52b642ea0ea,2019-10-11T16:54:11Z
156303062,College-Work,8d33ecdad3c90ffa856729dc5718ba0ff28a5588,2019-10-11T16:49:56Z
156303062,College-Work,27c26b2cd872a584840c5246f0a59868623e01fb,2019-10-11T16:26:08Z
156303062,College-Work,f10eb1f14bb2a5d38423d49716375641bc718639,2019-10-11T15:22:40Z
156303062,College-Work,2cfbbafab286b9ddb34cbcc3148d41be3fb13cdd,2019-10-09T11:53:58Z
156303062,College-Work,e42c3130cff6eee048c6aba6c24d8f11b519565e,2019-10-09T11:48:09Z
156303062,College-Work,04d35ec568b8ed7878a6dc2e02a980b086cfd09a,2019-10-09T11:07:35Z
156303062,College-Work,bd1a46a7d718fe941db546340700496564be565b,2019-10-07T07:04:52Z
156303062,College-Work,e198c7b540df8a7224c3995c447bf14e7f0ec5e6,2019-10-03T13:38:01Z
156303062,College-Work,486523f3e9e94128de6c6ccd4d3b50b86f06e4d2,2019-10-03T09:06:42Z
156303062,College-Work,2fbfb25bfa4f520dc91cb4343ee0ad495d0a90d2,2019-10-03T09:01:11Z
156303062,College-Work,fbe7dc5e41de6a9f919c4afc544e5d4a513f8b64,2019-10-03T08:54:35Z
156303062,College-Work,882aa5a2d1983ae7c8fb27452142fcc200e65e64,2019-10-01T14:14:55Z
156303062,College-Work,38662ba37a6b99058ae679ea00ef53d9ee569ec4,2019-10-01T14:14:06Z
156303062,College-Work,fba3e14430e641b0973e9f910bcd097c55a01a7c,2019-10-01T14:06:33Z
156303062,College-Work,6fff810c72bef32d4cf126cf9288c81007cdb940,2019-10-01T12:14:04Z
156303062,College-Work,a82242279d8cf3c99e3c6411c0489ac349e84a12,2019-10-01T11:37:16Z
156303062,College-Work,9363f8e8627a7584566036fb773024b2f197d947,2019-09-30T16:58:52Z
156303062,College-Work,176cb7740f6417afefb880b162a3228ac12c7656,2019-09-28T12:12:42Z
156303062,College-Work,5eb4a32c83d77498f54232cc93f12c5f1de85de9,2019-09-28T12:11:36Z
156303062,College-Work,8c7752974e19aca9873bea453bbcb12662893898,2019-09-25T09:40:44Z
156303062,College-Work,e5857caf2ac6f7c0fef4c2479298ce458b1c1e16,2019-09-24T10:24:18Z
156303062,College-Work,e306d5dc9ca4149e2290d6a1bea4ff58623d90e3,2019-09-24T10:20:01Z
156303062,College-Work,301c7144b171f033545b09eee6bcb25b2b6840b7,2019-09-24T10:15:27Z
156303062,College-Work,2ba219d92205533aca70868bfc43b1e2104afab2,2019-09-23T09:51:23Z
156303062,College-Work,c7cdb05f7440f0ca69330b66399f1755675d91c1,2019-09-22T17:34:26Z
156303062,College-Work,313b72275f3711695191eed0cc7fcbe085ca0b3f,2019-09-22T00:10:02Z
156303062,College-Work,829884afab2dbe8a61fc563c51cbfc9771caf1b7,2019-09-21T17:07:15Z
156303062,College-Work,4695f016bf66a62ffbc0d3fa812a96608a4939ae,2019-09-21T17:05:45Z
156303062,College-Work,00a10d3a0919998cf8f2482f81f64fa6dc3849fd,2019-09-19T12:09:27Z
156303062,College-Work,8542e544f1a8c3e3d6290cdc0ba8ca71efcc9285,2019-09-17T12:20:09Z
156303062,College-Work,02dfee36ee567fdf05830f9dfd9f98f36117bf0c,2019-09-17T11:55:17Z
156303062,College-Work,059e2aaa856dc40fb66dbbc5797cb5873ac96c99,2019-09-12T15:28:00Z
156303062,College-Work,035360568ed6bd9dbff8caa38355ff538c385124,2019-05-01T19:04:05Z
156303062,College-Work,93af5614883c53e2cef158d614ec9913cf748b63,2019-03-12T20:08:34Z
156303062,College-Work,4217bddf42479e0aaf33349d47268b173f749d93,2019-03-07T11:22:43Z
156303062,College-Work,14bbbd1d8094f6dc903c2bd609b7a69e82ce820a,2019-02-28T17:47:54Z
156303062,College-Work,502ad4e08cec69c83db64abf0ee274febac33d84,2018-11-26T22:38:37Z
156303062,College-Work,e011a8cb9ff86c8f544015cd510df1b67a928e65,2018-11-20T13:30:43Z
156303062,College-Work,bb1fb69c752d1ba7aa1470a147f62aa1dcfd0490,2018-11-07T00:19:39Z
156303062,College-Work,9fbdb9e5c495a6981e0d49bd1d442956fab704b0,2018-11-07T00:15:43Z
156303062,College-Work,39dbfeab5c7194854ca43df4bbfee9c70cad3fe6,2018-11-07T00:02:07Z
156303062,College-Work,64cf8c91cc671e9db4680c944b6da363fdac4394,2018-11-06T02:11:15Z
156303062,College-Work,fd4c97061d2f24fe614474296df81f8d1bf18faf,2018-11-06T01:03:23Z
218842238,github-access,156a005fd64f89f74ddf9b714e36f0e14f82da58,2019-11-07T19:26:05Z
218842238,github-access,ad1007efcbfcb3063a38da780aa05c2a3ce7da5f,2019-11-07T18:01:32Z
218842238,github-access,7b57af8e473c0ce41881090d2b57673c589eefff,2019-11-07T17:59:25Z
218842238,github-access,d6dd112ba3af09ecb8c337a04028087bbaf81c09,2019-11-07T17:38:49Z
218842238,github-access,a819109363d8b803b2161aedfb9d736798c33a43,2019-11-07T14:15:25Z
218842238,github-access,1c51bd09ae9d101c2ba1eb0cf584af4add0ba0a5,2019-11-04T13:13:13Z
218842238,github-access,23966a93065e3a54bd79106d644f22fabde3908e,2019-11-03T21:51:32Z
218842238,github-access,0c58bc9d15d7ef62107fd814d0fc02847c5d0253,2019-10-31T19:45:56Z
218842238,github-access,3738fd624bb5cc03570234814890d797525676d7,2019-10-31T19:16:06Z
220299511,github-social-graph,8f23aea8e31338e3bb9913a7e903922d87cdcc16,2019-11-07T18:08:20Z
220299511,github-social-graph,e4369a26ccf43e5b768924483d1bed54302155a2,2019-11-07T18:07:08Z
184464655,haskell,1dbaa054daff97f225597e26d841e415a155bf19,2019-08-17T17:42:28Z
184464655,haskell,8f18dce4c1fcf2f4e4912620af6239099eab0b4d,2019-08-15T01:08:53Z
184464655,haskell,2daac127c43306d2a42b309fcebba9f5cc1f762f,2019-05-25T00:11:23Z
184464655,haskell,ad5c589b421679e7a01f1b2246c93e75d09b3b4d,2019-05-24T00:50:24Z
184464655,haskell,c950962614aa1cf87105085a3704ebed84315b5f,2019-05-24T00:49:19Z
184464655,haskell,fbb7ac1c09e638fca419334e34ecdc713aec4a33,2019-05-24T00:48:11Z
184464655,haskell,a378d81309e1b385edff45779e7fc2676f7dab3f,2019-05-24T00:46:54Z
184464655,haskell,70ce214c071c46736c7643a126c9a974d7e3d83f,2019-05-24T00:46:07Z
184464655,haskell,661232d9f443a9484ab002046ed37cc541fe992e,2019-05-17T17:26:44Z
184464655,haskell,ad769b8607196789be0ae7770efb2c2673edb6c8,2019-05-17T17:01:58Z
184464655,haskell,f28ecc09d170f8f3f9801646845df3277b2e95f8,2019-05-11T15:25:35Z
184464655,haskell,1e43e3c55f74206676c830973826afed1aa72dc7,2019-05-11T15:22:55Z
184464655,haskell,8cae997b4ee391cb6cf6ddda3a3750809e84ae52,2019-05-11T15:00:40Z
184464655,haskell,0b30831597d4764edca3caa4a997de2df53c15d0,2019-05-11T14:32:11Z
184464655,haskell,b7da8cc46ceef8c3440487cc7e10db1c5f90085e,2019-05-06T19:25:33Z
184464655,haskell,fb5f4210d4ff8d7dcf1fd77b916d3203dd74b843,2019-05-05T15:03:43Z
184464655,haskell,9f09d31d81fbbfdfa5fcdcd760ec7ccbe95dd0f8,2019-05-05T01:09:33Z
184464655,haskell,1075c465c31c5aba9928e9fb8b0bd204f8bc5505,2019-05-05T00:57:56Z
184464655,haskell,056b98dc1bc6bbdaedb43a85febeba2ce5175aaf,2019-05-05T00:40:20Z
184464655,haskell,1c646535daadc9f6d10bf3a00e53dacc1e110626,2019-05-03T23:31:23Z
184464655,haskell,b3df70d38e974f77ef93b4d9dd71d3a2b420b1eb,2019-05-03T00:17:18Z
184464655,haskell,e36dfd0e0769ac091cab061400cd2ba9409bf395,2019-05-03T00:04:20Z
184464655,haskell,e136d12b90c2dde42eab7c3c226d72ff7644f97a,2019-05-02T22:38:21Z
184464655,haskell,1f4bf3ff752ceb6035801cafa4bd3bc61d66ba51,2019-05-02T22:04:17Z
184464655,haskell,003d6ce558d3e3df7cd465b35ea91339f0302ea0,2019-05-02T13:03:46Z
184464655,haskell,48a5b032b8a21f50a02eef035eaf3eae16f7a62c,2019-05-02T13:02:51Z
184464655,haskell,1207a635b749ae47ca3fcca7086507f6c26427eb,2019-05-02T07:44:58Z
184464655,haskell,69e4fa7c52430bbcac5f910195d9e321d280d565,2019-05-01T23:17:59Z
184464655,haskell,466f3e32897aab47f96edadff43741d4395ded61,2019-05-01T23:16:27Z
184464655,haskell,8f8345fcf81ce7d8104e89a216848322aa5676d8,2019-05-01T23:12:46Z
184464655,haskell,b1b64b33a1b58d50fdf83c121cbe93341991fdcc,2019-05-01T23:10:45Z
184464655,haskell,cccf0da76c5e60b6470eeaa20e2df8c7b8b52785,2019-05-01T23:08:26Z
184464655,haskell,07d5024a50ca639e076c638194d20f1754aa4c15,2019-05-01T23:04:50Z
184464655,haskell,7c55fcc792776e5eb08093710314bc234760f648,2019-05-01T23:00:51Z
184464655,haskell,7b3e331502d5127e57379109c92e8a9e4250289b,2019-05-01T23:00:04Z
184464655,haskell,e0e978027ea7f5d2916c7051576fc812ee773bc5,2019-05-01T22:56:22Z
184464655,haskell,97c64da10e10e51ff251cbe223b35f727592f48f,2019-05-01T22:55:53Z
184464655,haskell,d8d8aa5d9e9e43fda948c8517717f092b5abdebc,2019-05-01T22:53:40Z
184464655,haskell,b5c87b62f2c48cc368f3d39377ca50b948cab466,2019-05-01T22:40:55Z
184464655,haskell,4aac7046a8f8a0b19349dec782630565fbed319f,2019-05-01T20:16:21Z
184464655,haskell,ea39217e966fa0ec803c02f4782a1306a41909a9,2019-05-01T20:15:23Z
184464655,haskell,f1a2bb0a099715aed958678feffb4f7e6eb79f31,2019-05-01T20:13:11Z
184464655,haskell,6d0f5b7de2007ee1d2c58a57a7fcfa10f4010604,2019-05-01T19:19:23Z
184464655,haskell,b5a83407f48199aec2cb532fa30153fbf96c6fc2,2019-05-01T19:09:56Z
184464655,haskell,6f5717ff50e3e4604055c8b96f0721d0d70be788,2019-05-01T18:49:51Z
184464655,haskell,f3aece87bab016ded531a515697e2a390ee695b7,2019-05-01T18:48:30Z
184464655,haskell,27f02bc74092c2bbb4663ae3e24352cce67ca4ea,2019-05-01T18:46:49Z
198724303,ml,2ef5d4af3bde53ab8b4ab7d477d82ec9614b2d99,2019-08-21T23:13:26Z
198724303,ml,099e8fc2eeae97c9bb00dc6e4fec839edbb1bc5e,2019-08-21T01:30:35Z
198724303,ml,a0f52ad072f775c9164f3079f5d95cc51d210d93,2019-08-21T01:24:43Z
198724303,ml,057ebec946cf67c242013d5f1909bdbe753d599c,2019-08-21T00:15:43Z
198724303,ml,0c6ccf1be328260462b9228039c0cf3a3885215e,2019-08-16T00:51:58Z
198724303,ml,7bf5672763e116a551497658a791ada2ce22fa2e,2019-08-15T00:48:18Z
198724303,ml,96161c0fb95398cc4504d49f25c6916b82fc3f44,2019-08-14T23:52:51Z
198724303,ml,f7a540f8f36b45d3ca586238ff8843e739666d9c,2019-07-25T01:36:57Z
198724303,ml,ad7731deb1466c3bee794b8fce2ed64fb85cc99d,2019-07-25T01:30:24Z
198724303,ml,ea0fc1ddf4af57a8ec8c9ffbdf59b46b1c9da84e,2019-07-25T01:27:07Z
198724303,ml,13b080e5bdd361e56bb7da4d0f6671356677d4e7,2019-07-24T23:49:36Z
188297244,node-rest,e72a8b1f4fcedce724d03f21a24919805bf77664,2019-07-14T21:29:07Z
188297244,node-rest,d959e699ee973cc0cf418ce120599ff8a0f16319,2019-07-14T21:25:52Z
188297244,node-rest,1a5092bcc3f1dfed1bb2d979c7bf0c5e9cefb4a4,2019-07-14T21:24:00Z
188297244,node-rest,ff67a6a4cf119f041f609ce6742b75dc5b221109,2019-06-20T17:40:40Z
188297244,node-rest,35429e6a96fe9d49e76ccddb7cd0d03ba60da473,2019-06-02T14:20:30Z
188297244,node-rest,ee98a5197b5be342600cd4d13939bf1d33229d24,2019-06-01T15:36:00Z
188297244,node-rest,0030c4850c00f8dcc892e0416d612489667c6a88,2019-06-01T01:50:45Z
188297244,node-rest,8c3b94e21a2ce12ffdfcf0379a7b840cddc3f4e9,2019-05-31T20:38:27Z
188297244,node-rest,df3f4ad26d59620c2eaec5abe0c197b8ed5e36b9,2019-05-31T19:01:00Z
188297244,node-rest,2b2840b55c22b2fd916eb160733938c6824a55a1,2019-05-30T16:09:43Z
188297244,node-rest,dbd7d7bed0e8718eaa0bd44f3251fcf07f68f122,2019-05-30T16:01:08Z
188297244,node-rest,839418213323376dc5334acd0e26b90e41f13cf2,2019-05-24T23:57:10Z
188297244,node-rest,f29d40e686bdc798cdd719e6b99436e8b4b4bb40,2019-05-24T17:12:02Z
188297244,node-rest,15f38588d322019ad4fc54ad0cd7e293b4acc4cb,2019-05-24T00:35:14Z
188297244,node-rest,d37518e30a0e80db2f185902252d45db49590da8,2019-05-24T00:05:01Z
188297244,node-rest,01b5f803735141865e5daf3d004821b86aec2369,2019-05-23T20:26:20Z
188297244,node-rest,beff436b3b4d52e0216baed2d0655d1f26cb1027,2019-05-23T20:23:20Z
188297244,node-rest,0710df3a00df9c8d7c232083f519634641c29480,2019-05-23T19:51:40Z
180607898,pii-tool,d3b1b7e01623d6a0e562de2d460bd0ad15c9f0d3,2019-04-09T15:41:43Z
180607898,pii-tool,07fc954fe04fa82a344ed0790b9c98b3baaa0576,2019-04-09T15:37:03Z
180607898,pii-tool,92f25eb03bc79e57d9cbb58e2b508dbdf7c815a8,2019-04-09T15:32:41Z
180607898,pii-tool,9543c9054acc10885487fcd5db384cfc9810daa4,2019-04-09T15:31:00Z
180607898,pii-tool,1c2e974219686e7c46a5ad945786562d76d6ae42,2019-04-09T14:51:15Z
180607898,pii-tool,655c17774824c0c30fdea599164886fa6f20ab10,2019-04-09T14:45:36Z
180607898,pii-tool,96b7b7266d964a35fb9eafdb7a6a2af19dda3f98,2019-04-09T14:28:29Z
180607898,pii-tool,fbca9fe2c48dac0dde5d29761ad6ea37a0483ef2,2019-04-09T14:23:49Z
180607898,pii-tool,60fb3b2c07bc9cf82f46519ea772a6c1503a3ca8,2019-04-09T14:23:23Z
180607898,pii-tool,fdeefefbf1a9f56e304eaeba0028de0cb99448a1,2019-04-09T12:42:28Z
180607898,pii-tool,53b9ee56da73700626d2a6ff43b6ed5576602846,2019-04-09T12:39:00Z
180607898,pii-tool,7863bb4623cb5d97bf5ca1de43b0a991570eae8e,2019-04-01T16:21:33Z
180607898,pii-tool,277ab2dd733cc0f59b4f316292599c8ce5f54823,2019-03-30T20:40:15Z
180607898,pii-tool,0cba86a9dc9896440287097dbb1773584da3b08d,2019-03-30T18:53:20Z
180607898,pii-tool,e21a19283cadf045b904196d8a6d7c232d51dee8,2019-03-30T18:12:49Z
180607898,pii-tool,984f5c9abb02b21d8f5c872b930cd041c9b811b7,2019-03-28T12:21:09Z
180607898,pii-tool,9afa201de017fbef7f6b449a9c4c2b498d4a2681,2019-03-26T21:49:39Z
180607898,pii-tool,5f3031b1349cecaa9b33e6efc5f3c7ad6a8d50a0,2019-03-26T21:48:14Z
180607898,pii-tool,77a24af8741f96eb370d2b0bf488f1a8880fb67a,2019-03-26T18:03:07Z
180607898,pii-tool,4f43eed468527eabe22d5df2d9a94f35f9cbd318,2019-03-26T16:43:51Z
180607898,pii-tool,13d58e6101ae481e6ac2e3d125eaf354cab9c345,2019-03-26T14:51:07Z
180607898,pii-tool,0558582e89d976c14e563fa6ff37b1462fd8f392,2019-03-26T14:16:08Z
180607898,pii-tool,270aba8e8a8094b57e25d5a1734c157dd43a7944,2019-03-26T14:14:10Z
180607898,pii-tool,7d03f066b616fb5645ef2a2239c6536a5fa95ffe,2019-03-26T13:28:01Z
180607898,pii-tool,6701fd82196703c7ba319571ffc89bd6652b615a,2019-03-26T13:23:47Z
180607898,pii-tool,3e2540b9d557dadce019b3e1343de205102c0933,2019-03-26T08:45:15Z
180607898,pii-tool,3c49efa767ece7cf44b8f49adacf2c9528c8148c,2019-03-26T08:42:33Z
180607898,pii-tool,35b5dcba53b66dff52773940e33b85777774c8f7,2019-03-26T08:39:07Z
180607898,pii-tool,9c97fdd539fdc13414b6aa6dc226e6473a338148,2019-03-26T00:54:17Z
180607898,pii-tool,c38c20845deca7d6aa9b6c9eab72ac97670f26bc,2019-03-26T00:50:43Z
180607898,pii-tool,f424dd314923d7a0a73c7c28ed9f4e5ea07a190b,2019-03-25T20:51:02Z
180607898,pii-tool,37791604b8010d8dbfab4a8f921fa3e64a6dfc50,2019-03-25T11:26:58Z
180607898,pii-tool,904e48a76c104b1caa3b8d0e689eff195471caa8,2019-03-25T08:12:05Z
180607898,pii-tool,b30c392a98d79f9949ac7971e1453ca82932fff5,2019-03-22T03:13:01Z
180607898,pii-tool,692cecb0268ddecb43be8a00972364b57b3bf881,2019-03-22T03:04:54Z
180607898,pii-tool,792e7feffab1aaffdddcc376ed6d504d973f9ea1,2019-03-17T19:11:14Z
180607898,pii-tool,8eb941aa2c18e1ae71c22ce89c884d7fe4691211,2019-03-17T19:06:35Z
180607898,pii-tool,2fd904e2615d2fb1ba90dd32044c85691f8c3eac,2019-03-17T19:01:18Z
180607898,pii-tool,2683bba74076a8a2a473eb93f43f02e241ea8a9e,2019-03-17T17:18:31Z
180607898,pii-tool,53e1ff2026eae84fb78e0add1478789904b9b93f,2019-03-17T14:51:44Z
180607898,pii-tool,71c390c5b0f0704292289854c56e15e612bd64e6,2019-03-17T11:08:16Z
180607898,pii-tool,6344e6eb1ee5498b321208460240ddd296ab812f,2019-03-10T00:05:25Z
180607898,pii-tool,5119b7bb347279a3723452442e4702468329979c,2019-03-08T18:47:25Z
180607898,pii-tool,fcd289f5ab4f55bafc3b01654a28fd9df1e9c54a,2019-03-03T17:44:41Z
180607898,pii-tool,2c7b66b96ec4f2899e0bce34783db610f739c06d,2019-02-28T17:31:33Z
180607898,pii-tool,4e63d3db145a41c462e1cc89509338c12b3377d8,2019-02-28T17:25:11Z
180607898,pii-tool,bc86ecad89f106b430396befb7dfcd2c45e7a65c,2019-02-17T13:45:41Z
180607898,pii-tool,bdec7e62f6d49a689dabf01e286203df4534a7df,2019-02-09T17:04:37Z
180607898,pii-tool,84d43d20d947c25b1a15ca1b8f7c9d93798badb8,2019-02-09T14:43:12Z
180607898,pii-tool,ad257799631d7b86f9b0388f8d10c5b64ca97932,2019-02-09T14:42:21Z
180607898,pii-tool,9db92765f32f1f9f8012e436bd60bec2db7286e9,2019-02-09T14:42:21Z
180607898,pii-tool,021a46cbd97546959b6b8a0a0ae739f4720dc816,2019-02-09T14:42:21Z
180607898,pii-tool,490d4fb2e96746c7e97e1cb1b9490fcb1df47fb7,2019-02-09T14:42:21Z
180607898,pii-tool,47b40fcc64371c4eda519aa7a65037cbbf31a58d,2019-02-06T10:22:26Z
180607898,pii-tool,ec1a3a16ff520ebbbf912951a49619a4d55de1ee,2019-02-06T10:06:37Z
180607898,pii-tool,ff39fa27a766aeec521cb6bb1b2423674471e5c0,2019-02-06T10:05:12Z
180607898,pii-tool,a8cbdc533191235ab9de43ead6a5b63f19c2340a,2019-02-06T10:05:12Z
180607898,pii-tool,3527c682256781f6ec6e4edc79ca88e75b99af5c,2019-02-06T00:52:16Z
180607898,pii-tool,d079b3ac02838a92f8ed861ac18521655d4c5e66,2019-02-06T00:51:10Z
180607898,pii-tool,0a93a3fa730092dd28e7a79e406de63fc5908b76,2019-02-06T00:49:53Z
180607898,pii-tool,94a66e1acdc32d8445a71186e79bdf3e3f5c678f,2019-02-06T00:44:50Z
180607898,pii-tool,ac48d3c2ea1312e39cd22f0c65e717939b0e9cde,2019-02-06T00:38:33Z
180607898,pii-tool,97e52090f9843156043727011fde70cc8982e3d3,2019-02-02T12:56:26Z
180607898,pii-tool,c929cf590973cb7f05bfcdbb0dbfa43cca372a14,2019-02-01T12:42:55Z
180607898,pii-tool,012636910f037ed9293481619d3affffec07f718,2019-02-01T12:34:45Z
180607898,pii-tool,27091b355d29f537c8e1456dc77d8d453a8adf3d,2019-02-01T12:20:15Z
180607898,pii-tool,2402ee1e387ba376780186d4ea61f15200db70a2,2019-02-01T12:12:18Z
180607898,pii-tool,8930c969c58c6d312872bd84e6462e1be10a827a,2019-02-01T12:10:04Z
180607898,pii-tool,21b7ab3a6289125c19c023894f9f0d16b26cf37b,2019-02-01T12:03:54Z
180607898,pii-tool,9e6c1f430a5bd9cd8fee8e5b2afa74684954105b,2019-02-01T12:03:15Z
180607898,pii-tool,5328d442e72446e4a023e27e16f000ff130d5233,2019-01-31T12:50:46Z
180607898,pii-tool,e64be9acb2bf9c8677d7a9c2f9b5103685571e52,2019-01-28T22:46:58Z
180607898,pii-tool,4d8a200273c39666f0767bac5064f91fe7307fc2,2019-01-28T22:35:22Z
180607898,pii-tool,178629ae1d679672edbddfa4e1a773fb11162eb7,2019-01-28T19:32:51Z
180607898,pii-tool,82965f492bc9a7e68ec8c5bdc43ee736d073109b,2019-01-23T14:11:03Z
209312113,SWENG,01a70ca22af8e71533eb22b557120c98ee822f83,2019-11-03T19:48:36Z
209312113,SWENG,e6fae751265a1d808584313265054512e2730513,2019-11-03T19:48:16Z
209312113,SWENG,ba038422aca3900aeac742578a19d2eecb9b15c6,2019-11-03T19:45:30Z
209312113,SWENG,d65ed95fd39ff4b9b2c9dfb715c5c56fbb06f555,2019-11-02T19:43:27Z
209312113,SWENG,477aae5ac3a5c6427852165f21bcaf29388d253f,2019-11-02T14:06:07Z
209312113,SWENG,4a1671d5c10f5ad2d93de3b534273dddec4b6302,2019-11-01T14:27:20Z
209312113,SWENG,12ee7d7018dbf163504ec61199fea7a886162958,2019-10-28T19:15:58Z
209312113,SWENG,3f9c1751da6543adc2538a02582e4e043919cab9,2019-10-28T19:14:10Z
209312113,SWENG,5e09f0ecafa987585e8f2bb35db65d4013031266,2019-10-13T19:47:56Z
209312113,SWENG,becad349ea7d54e4fd001d7cc0651fec896c31f1,2019-10-12T11:58:34Z
209312113,SWENG,5821b9cf10dc7403655929a5b37cb7da1d64a961,2019-10-12T11:55:07Z
209312113,SWENG,4d2ebae28717cd790c7f5e0bbce3c630b9a4f8d5,2019-10-11T23:08:27Z
209312113,SWENG,5c06df0f3eccfb413287073ae19e12b2e3d285e0,2019-10-11T23:05:53Z
209312113,SWENG,4e82f3c63a459da389bb457a3817ce9b19b931c8,2019-10-11T22:54:45Z
209312113,SWENG,2e8ff9ee97c0eeed023194471ce0cd8f345671da,2019-10-11T22:52:33Z
209312113,SWENG,e110afcee23e9b31f6b1835294d7f36d60a53b9f,2019-10-11T22:47:17Z
209312113,SWENG,4f24e1560a12dd693cd4f4cf7cb081b8f1741bc2,2019-10-11T18:41:34Z
209312113,SWENG,e505ddddd40f00dfc003a82a330654b2a99a4785,2019-10-08T10:43:50Z
209312113,SWENG,3807c352e819d23719d839997a7891b3a1487de6,2019-10-08T10:31:37Z
209312113,SWENG,a29f29d2e09ffb26e166155f0d0234679d11b55f,2019-10-08T10:08:22Z
209312113,SWENG,6f771280b63286d18a1e00dd08633977235570f8,2019-10-08T10:07:27Z
209312113,SWENG,7d29bbc57bc21e47d0242a900c6544e1660e5a55,2019-10-07T16:25:19Z
209312113,SWENG,c86d89f6d29e4bca73d2b030765348b4c48c6ad8,2019-10-07T15:49:14Z
209312113,SWENG,97a4aadbe7df8eeeebcc08d3d95bf90c833b1d6c,2019-10-07T15:18:58Z
209312113,SWENG,d1c333b125d3c961524b68bf2cb212484fb259f3,2019-10-07T13:43:48Z
209312113,SWENG,ffaa534e80dd63dbf4281fb99de1a889d902406f,2019-10-07T13:07:19Z
209312113,SWENG,db91cbd2ce7b194a02f346c43ee8f57bf77d9d19,2019-10-07T12:03:51Z
209312113,SWENG,b202dc077d82637b7be9798bb18882c9ed08abc8,2019-10-07T11:39:55Z
209312113,SWENG,bba7bee0340e8007e490a468ead3a3bc50b57ea2,2019-10-07T11:24:33Z
209312113,SWENG,d9e71f21e582026263715f52b01fd58522d2aa40,2019-10-07T11:22:17Z
209312113,SWENG,79dc8a75d92c6fc691a3e9681fca998d089c92a0,2019-10-07T10:30:23Z
209312113,SWENG,d709af03ca247bada8b9d7183d752c71de0ca318,2019-10-03T15:38:07Z
209312113,SWENG,c1664cd5c0c202acca99941134f57bfe587249f2,2019-10-03T15:34:13Z
209312113,SWENG,7afb87127426701776c7a59986c37043177822c6,2019-10-01T17:50:47Z
209312113,SWENG,69f03da3a188e6c54c06e07d50e069b36986bd32,2019-09-24T14:53:22Z
209312113,SWENG,7b3c316564f7b970f0fc5c132cb3deea76c988fb,2019-09-24T14:42:32Z
209312113,SWENG,1b6c6eea8e58d9d30c81e40d183e373805d3435a,2019-09-24T14:37:11Z
209312113,SWENG,8aee3c8468cb42d93df476a1d66ff848da053756,2019-09-24T14:31:52Z
209312113,SWENG,48943524f8ce4e64ba5b74fd152e69e43dc4b36f,2019-09-24T14:25:42Z
209312113,SWENG,dae65336f6c5286e7e10664b1e7099ac1a156849,2019-09-24T14:20:03Z
209312113,SWENG,abede294deec6b149f9a7908c30645b58fe938fc,2019-09-24T14:17:40Z
209312113,SWENG,aaf69dbb15097f4b31c865dc06f8503168479cd8,2019-09-24T13:56:31Z
209312113,SWENG,0d31bc3f83b12268108e752682ecb7adddffcd64,2019-09-24T13:43:07Z
209312113,SWENG,a0fcdc79b420c85e872d22c22ab419e2c248f502,2019-09-23T13:00:09Z
209312113,SWENG,94c86a210cfcb6e9351b5a26471bd89d355075c9,2019-09-23T12:29:14Z
209312113,SWENG,7e5c8dfd8ef941b194f5e02a668c9966d77c5206,2019-09-21T16:57:56Z
209312113,SWENG,b11bc7515518216b380ff6589fe0091f97d06975,2019-09-21T16:52:41Z
209312113,SWENG,5722eeaec27bd94567c394676c03c2dbfbecbb18,2019-09-21T16:38:42Z
209312113,SWENG,dd55c738b5d36f9de937d79aba0c381ed1ffbaac,2019-09-21T15:39:31Z
209312113,SWENG,48aa1f275745b75be251cc90d63b4b466411d73c,2019-09-21T15:39:04Z
209312113,SWENG,30d941217058212b1ba26b73fd42b913e2a82e02,2019-09-19T14:53:04Z
209312113,SWENG,f0a8442745e2d5c4ed8390d51bf70b8a87a9c0f9,2019-09-19T14:52:27Z
209312113,SWENG,02fc7c81b9facaa53dc4e211c10f9fe741e9db7e,2019-09-19T14:47:08Z
209312113,SWENG,af713ee9278abdb202c634ecf2551bc5283928e6,2019-09-18T13:13:06Z
156309316,Yelpers,ba2bd08b52e06a5c499102d1452a38d2c746df53,2018-11-06T01:50:58Z
156309316,Yelpers,e51cdef252d6b41087e9357f3ff3c7ca5764f6af,2018-11-06T01:43:20Z
